router,role,method,full_path,handler,upload_middleware
adminRouter.js,admin,GET,/dashboard/withdrawRequests,withdrawalRequestsController.getWithdrawRequests,
adminRouter.js,admin,GET,/dashboard/withdrawRequests/status,withdrawalRequestsController.getAllWithdrawalRequestStatus,
adminRouter.js,admin,GET,/dashboard/withdrawRequests/maxAmount,withdrawalRequestsController.getMaxAmountWithdrawRequest,
adminRouter.js,admin,POST,/dashboard/withdrawRequests/filter,withdrawalRequestsController.filterWithdrawRequests,
adminRouter.js,admin,GET,/dashboard/withdrawRequests/:id,withdrawalRequestsController.getWithdrawRequestDetail,
adminRouter.js,admin,PUT,/dashboard/withdrawRequests/:id,withdrawalRequestsController.updateWithdrawStatus,
adminRouter.js,admin,GET,/dashboard/review-reports,reportController.getReviewReports,
adminRouter.js,admin,DELETE,/dashboard/reports/:reportId,reportController.softDeleteReport,
adminRouter.js,admin,PUT,/dashboard/reports/:reportId/send-email,reportController.sendReportReplyByEmail,
adminRouter.js,admin,GET,/dashboard/reports/filter,reportController.filterReviewReports,
adminRouter.js,admin,GET,/dashboard/reports/filter/boarding-house,reportController.filterBHReports,
adminRouter.js,admin,GET,/dashboard/reportReview/:reportId,reportController.getReportReviewDetail,
adminRouter.js,admin,GET,/dashboard/reportBH/:reportId,reportController.getReportReviewDetail,
adminRouter.js,admin,GET,/dashboard/reviews,ReviewController.getReviews,
adminRouter.js,admin,GET,/dashboard/reviews/filter,reviewController.filterReviews,
adminRouter.js,admin,DELETE,/dashboard/reviews/:reviewId,reviewController.softDeleteReview,
adminRouter.js,admin,GET,/dashboard/boarding-house-reports,reportController.getBHReports,
adminRouter.js,admin,GET,/dashboard/review/:reviewId,ReviewController.getReviewDetail,
adminRouter.js,admin,GET,/dashboard/boardinghouse,boardingHouseController.getAllBHOnDashBoard,
adminRouter.js,admin,GET,/dashboard/boardinghouse/:id,boardingHouseController.getBoardingHouseDetails,
adminRouter.js,admin,PUT,/dashboard/boardinghouse/:id,boardingHouseController.updateBoardingHouseDetails,upload.array
adminRouter.js,admin,GET,/dashboard/types,boardingHouseController.getAllBoardingHouseTypes,
adminRouter.js,admin,POST,/dashboard/boardinghouse/:id/images,boardingHouseController.addBoardingHouseImage,
adminRouter.js,admin,PUT,/dashboard/boardinghouse/:id/images/:imageId,boardingHouseController.updateBoardingHouseImage,
adminRouter.js,admin,DELETE,/dashboard/boardinghouse/:id/images/:imageId,boardingHouseController.deleteBoardingHouseImage,
adminRouter.js,admin,GET,/dashboard/boardinghouse/:id/images,boardingHouseController.getBoardingHouseImages,
adminRouter.js,admin,POST,/dashboard/boardinghouse/create,boardingHouseController.createBoardingHouse,upload.array
adminRouter.js,admin,POST,/dashboard/boardinghouse/uploadFile,boardingHouseController.uploadFile,upload.array
adminRouter.js,admin,GET,/dashboard/boardinghouse/chore/get-max,boardingHouseController.getMaxPriceBH,
adminRouter.js,admin,GET,/dashboard/boardinghouse/chore/filter,boardingHouseController.filterBoardingHouse,
adminRouter.js,admin,DELETE,/dashboard/boardinghouse/:id/softDelete,boardingHouseController.softDeleteBoardingHouse,
adminRouter.js,admin,POST,/dashboard/boardinghouse/uploadFile,boardingHouseController.uploadFile,
adminRouter.js,admin,POST,/dashboard/boardinghousetype/create,boardingHouseController.createBoardingHouseType,
adminRouter.js,admin,GET,/dashboard/boardinghousetype/filter,boardingHouseController.filterBoardingHouseType,
adminRouter.js,admin,GET,/dashboard/boardinghousetype/:id,boardingHouseController.getBoardingHouseTypeDetails,
adminRouter.js,admin,PUT,/dashboard/boardinghousetype/:id,boardingHouseController.updateBoardingHouseType,
adminRouter.js,admin,DELETE,/dashboard/boardinghousetype/:id,boardingHouseController.softDeleteBoardingHouseType,
adminRouter.js,admin,GET,/dashboard/account,accountController.getAllAccount,
adminRouter.js,admin,DELETE,/dashboard/account/:accountId,accountController.softDeleteAccount,
adminRouter.js,admin,GET,/dashboard/account/filter,accountController.filterAccounts,
adminRouter.js,admin,POST,/dashboard/account/create,accountController.createAccount,
adminRouter.js,admin,PUT,/dashboard/account/:accountId,accountController.updateAccount,
adminRouter.js,admin,GET,/dashboard/facilities,facilitiesController.getAllFacilities,
adminRouter.js,admin,DELETE,/dashboard/facilities/:id,facilitiesController.deleteFacilities,
adminRouter.js,admin,PUT,/dashboard/facilities/:id,facilitiesController.updateFacilities,
adminRouter.js,admin,GET,/dashboard/facilities/filter,facilitiesController.filterFacilities,
adminRouter.js,admin,POST,/dashboard/facilities,facilitiesController.addFacilities,
authRouter.js,authenticated,GET,/auth/,res.send,
authRouter.js,authenticated,GET,/auth/user,authController.getAccountFromToken,
authRouter.js,authenticated,GET,/auth/favorites,favoriteController.getFavorites,
authRouter.js,authenticated,POST,/auth/favorites/create,favoriteController.createFavorite,
authRouter.js,authenticated,DELETE,/auth/favorites/:boardingHouseId,favoriteController.deleteFavorite,
authRouter.js,authenticated,GET,/auth/allfavorites,favoriteController.getAllFavorites,
authRouter.js,authenticated,POST,/auth/change-password,accountController.changePassword,
authRouter.js,authenticated,PUT,/auth/profile,accountController.updateAccountFromProfile,
authRouter.js,authenticated,PUT,/auth/avatar,accountController.updateAvatar,upload.single
authRouter.js,authenticated,PUT,/auth/review,ReviewController.updateReviewImage,upload.single
authRouter.js,authenticated,POST,/auth/send-otp-change-email,accountController.sendOTPChangeEmail,
authRouter.js,authenticated,POST,/auth/verify-change-email,accountController.verifyChangeEmail,
authRouter.js,authenticated,GET,/auth/appointment/user,appointmentController.getAppointmentByUserId,
authRouter.js,authenticated,PUT,/auth/appointment/update-status/:id,appointmentController.updateAppointmentStatus,
authRouter.js,authenticated,POST,/auth/appointment/create-appointment/,appointmentController.createAppointment,
authRouter.js,authenticated,POST,/auth/reviews,ReviewController.addReview,upload.array
authRouter.js,authenticated,GET,/auth/reports/boarding-house/exist,reportController.checkBHReportExist,
authRouter.js,authenticated,GET,/auth/reports/exist,reportController.checkReportExist,
authRouter.js,authenticated,POST,/auth/reports,reportController.createReport,upload.array
authRouter.js,authenticated,GET,/auth/reports,reportController.getReportByUserId,
authRouter.js,authenticated,GET,/auth/reports/:reportId,reportController.getReportReviewDetail,
authRouter.js,authenticated,GET,/auth/review-reports,reportController.getReviewReports,
authRouter.js,authenticated,PUT,/auth/reviews/:reviewId,ReviewController.updateReview,upload.fields
authRouter.js,authenticated,GET,/auth/reviews,ReviewController.getReviewsUser,
authRouter.js,authenticated,DELETE,/auth/reviews/:reviewId,ReviewController.softDeleteReview,
authRouter.js,authenticated,GET,/auth/review/:reviewId,ReviewController.getReviewDetail,
authRouter.js,authenticated,GET,/auth/watchlater,watchLaterController.getWatchLater,
authRouter.js,authenticated,GET,/auth/watchlater/all,watchLaterController.getAllWatchLater,
authRouter.js,authenticated,POST,/auth/watchlater/create,watchLaterController.createWatchLater,
authRouter.js,authenticated,DELETE,/auth/watchlater/:watchLaterId,watchLaterController.deleteWatchLater,
authRouter.js,authenticated,POST,/auth/deposit,depositController.deposit,
authRouter.js,authenticated,GET,/auth/deposited-room,depositController.getDepositedRooms,
authRouter.js,authenticated,GET,/auth/deposited-room/:depositRoomId,depositController.getDepositRoom,
authRouter.js,authenticated,GET,/auth/deposited-room/detail/:depositRoomId,depositController.getDepositRoomDetail,
authRouter.js,authenticated,POST,/auth/pay-rent,depositController.payRent,
authRouter.js,authenticated,GET,/auth/pay-rent/:depositRoomId,depositController.checkPayRentStatus,
authRouter.js,authenticated,POST,/auth/pay-deposit,depositController.payDeposit,
authRouter.js,authenticated,GET,/auth/user-payment,userPaymentController.getUserPaymentByUserId,
authRouter.js,authenticated,GET,/auth/deposit-payment-bill/:paymentBillId,paymentBillController.getPaymentBillForRent,
authRouter.js,authenticated,GET,/auth/refund-requests,refundRequestController.getRefundRequests,
authRouter.js,authenticated,POST,/auth/refund-requests,refundRequestController.createRefundRequest,
authRouter.js,authenticated,GET,/auth/refund-request/check-exists/:depositRoomId,refundRequestController.checkRefundRequestExists,
authRouter.js,authenticated,GET,/auth/refund-request/my-requests,refundRequestController.getMyRefundRequestsSimple,
authRouter.js,authenticated,GET,/auth/renewal,renewalController.getExtensionRequests,
authRouter.js,authenticated,POST,/auth/renewal,renewalController.createExtensionRequest,
authRouter.js,authenticated,PUT,/auth/renewal/:requestId,renewalController.updateExtensionRequest,
commonRouter.js,public,POST,/login,authController.login,
commonRouter.js,public,POST,/login,authController.login,
commonRouter.js,public,POST,/login-with-google,authController.loginWithGoogle,
commonRouter.js,public,POST,/register-with-google,authController.registerWithGoogle,
commonRouter.js,public,POST,/forgot-password,authController.forgotPassword,
commonRouter.js,public,POST,/forgot-password-mobile,authController.forgotPasswordMobile,
commonRouter.js,public,GET,/reset-password-mobile/:token,authController.resetPasswordMobile,
commonRouter.js,public,POST,/reset-password,authController.resetPassword,
commonRouter.js,public,POST,/send-otp-register,authController.sendOTPRegister,
commonRouter.js,public,POST,/verify-register,authController.verifyRegister,
commonRouter.js,public,GET,/boardinghouse/filter,boardingHouseController.filterBoardingHouse,
commonRouter.js,public,GET,/boardinghousetype,boardingHouseController.getAllBoardingHouseTypes,
commonRouter.js,public,GET,/boardinghouse,boardingHouseController.getAllBHOnHome,
commonRouter.js,public,GET,/boardinghouse/highrating,boardingHouseController.getHighRatingBH,
commonRouter.js,public,GET,/boardinghouse/newest,boardingHouseController.getNewestBH,
commonRouter.js,public,GET,/boardinghouse/search,boardingHouseController.searchBoardingHouses,
commonRouter.js,public,GET,/boardinghouse/chore/get-max,boardingHouseController.getMaxPriceBH,
commonRouter.js,public,GET,/boardinghouse/:id,boardingHouseController.getBoardingHouseDetailInUser,
commonRouter.js,public,GET,/boardinghouse/room-types/:id,roomTypeController.getRoomTypeByBhId,
commonRouter.js,public,GET,/boardinghouse/home/area,boardingHouseController.getBhByArea,
commonRouter.js,public,GET,/boardinghouse/reviews/:id,ReviewController.getReviewByBhId,
commonRouter.js,public,GET,/room/room-type/:roomTypeId,roomController.getRoomsByRoomType,
commonRouter.js,public,GET,/appointment/owner/:ownerId,appointmentController.getAppointmentsByOwnerId,
commonRouter.js,public,GET,/deposit/vnpay-return,depositController.vnpayReturn,
commonRouter.js,public,GET,/deposit/momo-return,depositController.momoReturn,
ownerRouter.js,owner,GET,/owner/,res.send,
ownerRouter.js,owner,GET,/owner/boardinghouseowner,boardingHouseController.getAllBHOwner,
ownerRouter.js,owner,GET,/owner/boardinghouse/:id,boardingHouseController.getBoardingHouseDetails,
ownerRouter.js,owner,PUT,/owner/boardinghouse/:id,boardingHouseController.updateBoardingHouseDetailsOwner,upload.array
ownerRouter.js,owner,GET,/owner/types,boardingHouseController.getAllBoardingHouseTypes,
ownerRouter.js,owner,POST,/owner/boardinghouse,boardingHouseController.createBoardingHouseOwner,upload.array
ownerRouter.js,owner,DELETE,/owner/boardinghouse/:id/softDelete,boardingHouseController.softDeleteBoardingHouse,
ownerRouter.js,owner,POST,/owner/reply,ReviewController.replyReview,
ownerRouter.js,owner,GET,/owner/reviews/:reviewId,ReviewController.getReviewContent,
ownerRouter.js,owner,PUT,/owner/review/updatereply,ReviewController.updateReplyReview,
ownerRouter.js,owner,DELETE,/owner/review/reply,ReviewController.softDeleteReplyReview,
ownerRouter.js,owner,GET,/owner/tenant/:boardingHouseId,tenantController.getTenantsByBoardingHouse,
ownerRouter.js,owner,DELETE,/owner/tenant/:boardingHouseId/:accountId,tenantController.deleteTenantFromBoardingHouse,
ownerRouter.js,owner,GET,/owner/facilities,FacilitiesController.getAllFacilities,
ownerRouter.js,owner,GET,/owner/boardinghouse/room-types/:id,roomTypeController.getRoomTypeByBhId,
ownerRouter.js,owner,POST,/owner/boardinghouse/roomtype/:id/create,roomTypeController.addRoomTypeToBoardingHouse,upload.single
ownerRouter.js,owner,PUT,/owner/boardinghouse/roomtype/:roomTypeId/,roomTypeController.updateRoomTypeToBoardingHouse,upload.single
ownerRouter.js,owner,DELETE,/owner/boardinghouse/roomtype/:roomTypeId/,roomTypeController.softDeleteRoomType,
ownerRouter.js,owner,GET,/owner/boardinghouse/deposit/max-rent-time/:boardingHouseId,depositController.getMaxRentTime,
ownerRouter.js,owner,GET,/owner/refund-requests,refundRequestController.getRefundRequestsForOwner,
ownerRouter.js,owner,PUT,/owner/refund-request/:refundRequestId,refundRequestController.cancelRefundRequestsForOwner,
ownerRouter.js,owner,POST,/owner/refund-request/:refundRequestId,depositController.acceptRefundRequestForOwner,
ownerRouter.js,owner,GET,/owner/revenue/years,revenueController.getAvailableYears,
ownerRouter.js,owner,GET,/owner/revenue/year,revenueController.getRevenueByYear,
ownerRouter.js,owner,GET,/owner/total-revenue,revenueController.getTotalRevenue,
ownerRouter.js,owner,GET,/owner/total-revenue/years,revenueController.getTotalAvailableYears,
ownerRouter.js,owner,GET,/owner/total-revenue/year,revenueController.getTotalRevenueByYear,
ownerRouter.js,owner,GET,/owner/rent-payment/:boardingHouseId,paymentBillController.getPaymentBillByBoardingHouseId,
ownerRouter.js,owner,GET,/owner/unpaid-rooms/:boardingHouseId,roomController.getRoomsEligibleForBill,
ownerRouter.js,owner,GET,/owner/electrical-water-price/:boardingHouseId,boardingHouseController.getElectricalAndWaterPrice,
ownerRouter.js,owner,POST,/owner/calculate-monthly-bill,paymentBillController.calculateMonthlyRoomRent,
ownerRouter.js,owner,POST,/owner/calculate-bulk-monthly-bill,paymentBillController.calculateBulkMonthlyRent,
ownerRouter.js,owner,GET,/owner/staff,managerController.getStaff,
ownerRouter.js,owner,POST,/owner/addstaff,managerController.addStaff,
ownerRouter.js,owner,DELETE,/owner/staff/:id,managerController.deleteStaff,
ownerRouter.js,owner,PUT,/owner/staff/:id,managerController.updateStaff,
ownerRouter.js,owner,GET,/owner/tasks,taskController.getTasks,
ownerRouter.js,owner,POST,/owner/tasks,taskController.createTask,
ownerRouter.js,owner,PUT,/owner/tasks/:id,taskController.updateTask,
ownerRouter.js,owner,DELETE,/owner/tasks/:id,taskController.deleteTask,
ownerRouter.js,owner,GET,/owner/staffs,accountController.getStaffAccounts,
ownerRouter.js,owner,GET,/owner/:ownerId/appointments,appointmentController.getAppointmentsByBoardingHouseId,
ownerRouter.js,owner,GET,/owner/appointment/:appointmentId,appointmentController.getAppointmentDetailForOwner,
staffRouter.js,staff+owner,GET,/staff/,res.send,
staffRouter.js,staff+owner,GET,/staff/boardinghouseowner,boardingHouseController.getAllBHOwner,
staffRouter.js,staff+owner,GET,/staff/boardinghouse/:id,boardingHouseController.getBoardingHouseDetails,
staffRouter.js,staff+owner,PUT,/staff/boardinghouse/:id,boardingHouseController.updateBoardingHouseDetailsOwner,upload.array
staffRouter.js,staff+owner,GET,/staff/types,boardingHouseController.getAllBoardingHouseTypes,
staffRouter.js,staff+owner,DELETE,/staff/boardinghouse/:id/softDelete,boardingHouseController.softDeleteBoardingHouse,
staffRouter.js,staff+owner,POST,/staff/reply,ReviewController.replyReview,
staffRouter.js,staff+owner,GET,/staff/reviews/:reviewId,ReviewController.getReviewContent,
staffRouter.js,staff+owner,PUT,/staff/review/updatereply,ReviewController.updateReplyReview,
staffRouter.js,staff+owner,DELETE,/staff/review/reply,ReviewController.softDeleteReplyReview,
staffRouter.js,staff+owner,GET,/staff/tenant/:boardingHouseId,tenantController.getTenantsByBoardingHouse,
staffRouter.js,staff+owner,DELETE,/staff/tenant/:boardingHouseId/:accountId,tenantController.deleteTenantFromBoardingHouse,
staffRouter.js,staff+owner,GET,/staff/facilities,FacilitiesController.getAllFacilities,
staffRouter.js,staff+owner,GET,/staff/boardinghouse/room-types/:id,roomTypeController.getRoomTypeByBhId,
staffRouter.js,staff+owner,POST,/staff/boardinghouse/roomtype/:id/create,roomTypeController.addRoomTypeToBoardingHouse,upload.single
staffRouter.js,staff+owner,PUT,/staff/boardinghouse/roomtype/:roomTypeId/,roomTypeController.updateRoomTypeToBoardingHouse,upload.single
staffRouter.js,staff+owner,DELETE,/staff/boardinghouse/roomtype/:roomTypeId/,roomTypeController.softDeleteRoomType,
staffRouter.js,staff+owner,GET,/staff/bh/deposit-list,depositController.getDepositsByOwnerOrStaff,
staffRouter.js,staff+owner,GET,/staff/boardinghouse/deposit/max-deposit/:boardingHouseId,depositController.getMaxDeposit,
staffRouter.js,staff+owner,GET,/staff/boardinghouse/deposit/max-rent-time/:boardingHouseId,depositController.getMaxRentTime,
staffRouter.js,staff+owner,PUT,/staff/deposit/:depositId,depositController.handleDepositDecision,
staffRouter.js,staff+owner,DELETE,/staff/deposit-room/:depositRoomId,depositController.deleteDepositRoom,
staffRouter.js,staff+owner,GET,/staff/room/boarding-house/:boardingHouseId,roomController.getRoomsByBoardingHouse,
staffRouter.js,staff+owner,POST,/staff/room/boarding-house,roomController.addRoom,upload.single
staffRouter.js,staff+owner,PUT,/staff/room/boarding-house/:roomId,roomController.updateRoom,upload.single
staffRouter.js,staff+owner,DELETE,/staff/room/boarding-house/:roomId,roomController.deleteRoom,
staffRouter.js,staff+owner,GET,/staff/renewal/boarding-house/:boardingHouseId,renewalController.getRenewalRequestByBhID,
staffRouter.js,staff+owner,PUT,/staff/renewal/:requestId,renewalController.handleExtensionRequestAction,
staffRouter.js,staff+owner,GET,/staff/refund-requests,refundRequestController.getRefundRequestsForOwner,
staffRouter.js,staff+owner,PUT,/staff/refund-request/:refundRequestId,refundRequestController.cancelRefundRequestsForOwner,
staffRouter.js,staff+owner,POST,/staff/refund-request/:refundRequestId,depositController.acceptRefundRequestForOwner,
staffRouter.js,staff+owner,GET,/staff/expense,bhExpenseController.getExpensesByTime,
staffRouter.js,staff+owner,PUT,/staff/expense/:expenseId,bhExpenseController.updateExpense,
staffRouter.js,staff+owner,GET,/staff/total-expense,bhExpenseController.getTotalExpensesByTime,
staffRouter.js,staff+owner,POST,/staff/expense,bhExpenseController.addExpense,
staffRouter.js,staff+owner,DELETE,/staff/expense/:expenseId,bhExpenseController.deleteExpense,
staffRouter.js,staff+owner,GET,/staff/revenue,revenueController.getRevenuePerBoardingHouse,
staffRouter.js,staff+owner,GET,/staff/revenue/years,revenueController.getAvailableYears,
staffRouter.js,staff+owner,GET,/staff/revenue/year,revenueController.getRevenueByYear,
staffRouter.js,staff+owner,GET,/staff/total-revenue,revenueController.getTotalRevenue,
staffRouter.js,staff+owner,GET,/staff/total-revenue/years,revenueController.getTotalAvailableYears,
staffRouter.js,staff+owner,GET,/staff/total-revenue/year,revenueController.getTotalRevenueByYear,
staffRouter.js,staff+owner,GET,/staff/rent-payment/:boardingHouseId,paymentBillController.getPaymentBillByBoardingHouseId,
staffRouter.js,staff+owner,GET,/staff/unpaid-rooms/:boardingHouseId,roomController.getRoomsEligibleForBill,
staffRouter.js,staff+owner,GET,/staff/electrical-water-price/:boardingHouseId,boardingHouseController.getElectricalAndWaterPrice,
staffRouter.js,staff+owner,POST,/staff/calculate-monthly-bill,paymentBillController.calculateMonthlyRoomRent,
staffRouter.js,staff+owner,POST,/staff/calculate-bulk-monthly-bill,paymentBillController.calculateBulkMonthlyRent,
staffRouter.js,staff+owner,PUT,/staff/payment-bill/:paymentBillId,paymentBillController.updatePaymentBill,
staffRouter.js,staff+owner,GET,/staff/payment-bill/:paymentBillId,paymentBillController.getPaymentBillById,
staffRouter.js,staff+owner,GET,/staff/manager-owner,managerController.getManagerOwner,
staffRouter.js,staff+owner,POST,/staff/room-addition-fee,roomAdditionFeeController.createRoomAdditionFee,
staffRouter.js,staff+owner,GET,/staff/room-addition-fee,roomAdditionFeeController.getAllRoomAdditionFees,
staffRouter.js,staff+owner,GET,/staff/room-addition-fee/calculate-rent/:roomId,roomAdditionFeeController.getRoomAdditionFeeForMonthlyCalculate,
staffRouter.js,staff+owner,PUT,/staff/room-addition-fee/:id,roomAdditionFeeController.updateRoomAdditionFee,
staffRouter.js,staff+owner,DELETE,/staff/room-addition-fee/:id,roomAdditionFeeController.deleteRoomAdditionFee,
staffRouter.js,staff+owner,GET,/staff/room-addition-fee/:roomId,roomAdditionFeeController.getRoomAdditionFeesByRoomId,
staffRouter.js,staff+owner,GET,/staff/boardinghouse/reviews/:id,ReviewController.getReviewByBhId,
staffRouter.js,staff+owner,GET,/staff/tasks,taskController.getTasks,
staffRouter.js,staff+owner,PUT,/staff/tasks/:id,taskController.updateTask,
staffRouter.js,staff+owner,POST,/staff/appointments/update/:appointmentId,appointmentController.handleViewingRequest,
